"","Province","Region","W 1","W 2","W 3","W 4","W 5","W 6","W 7","W 8","W 9","W 10","W 11","W 12","W 13","W 14","W 15","W 16","W 17","W 18","W 19","W 20","W 21","W 22","W 23","W 24","W 25","W 26","W 27","W 28","W 29","W 30","W 31","W 32","W 33","W 34","W 35","W 36","W 37","W 38","W 39","W 40","W 41","W 42","W 43","W 44","W 45","W 46","W 47","W 48","W 49","W 50","W 51","W 52"
"1","ADAMAOUA","BANKIM","53","123","62","47","253","49","53","48","26","29","48","21","31","82","100","27","64","89","112","87","91","92","93","31","23","5","60","34","43","12","17","22","34","51","29","26","25","36","35","33","7","22","24","127","58","10","60","32","22","67","26",NA
"2","ADAMAOUA","BANYO","48","78","50","46","56","47","104","48","55","32","30","44","126","85","69","80","39","42","59","39","101","35","69","19","42","23","45","31","45","40","35","50","45","38","23","60","46","59","63","51","44","81","92","74","78","32","26","22","60","67","48","15"
"3","ADAMAOUA","DJOHONG","15","41","16","15","35","28","41","34","31","45","38","36","53","60","80","89","49","54","91","76","72","91","12","26","36","45","58","22","93","85","25","142","84","32","24","71","36","49","9","21","62","20","65","75","25","32","28","140","17","68","35","18"
"4","ADAMAOUA","MEIGANGA","0","264","147","188","92","144","177","118","144","94","172","207","167","373","353","328","421","434","211","160","239","328","295","397","324","289",NA,"178","190","189","144","133","145","122","132","214","312","170","190","216","234","323","286","471","298","240","265","221","258","337","174","209"
"5","ADAMAOUA","NGAOUNDAL","200","168","195","205","126","264","285","239","110","168","157","109","102","205","211","203","133","151","317","257","149","264","240","150","221","205","174","194","243","228","206","118","191","168","103","80","144","112","240","241","21","350","304","338","249","196","163","48","96","183","83","188"
"6","ADAMAOUA","NGAOUNDERE RURAL","213","285","318","351","326","377","389","409","278","304","87","309","429","514","539","664","519","602","555","612","625","492","618","560","376","462","347","394","369","258","209","221","256","279","301","375","310","320","368","503","484","571","600","646","466","339","405","260","252","191","243","244"
"7","ADAMAOUA","NGAOUNDERE URBAIN","334","262","403","291","247","329","318","347","233","167","294","304","377","465","476","419","499","379","520","466","402","469","363","377","350","289","412","346","347","375","379","363","343","350","231","252","340","382","478","346","481","451","408","466","482","377","350","250","334","362","348","178"
"8","ADAMAOUA","TIBATI","85","75","50","103","51","104","99","107","15","53","100","141","181","232","211","217","203","222","177","208","224","207","101","242","183","118","35","32","37","45","90",NA,"104","125","68","77","44","114","109","191","153","146","156","81","113","21","106","53","65","64","100","87"
"9","ADAMAOUA","TIGNERE","85","137","114","66","196","137","132","107","107","207","189","207","241","221","294","291","177","205","313","201","213","149","207","139","166","127","118","176","111","101","175","151","166","146","182","157","112","158","196","170","204","238","240","261","174","198","240","137","110","124","80","76"
"10","CENTRE","AKONOLINGA","98","112","60","88","63","66","70","60","75","48","47","90","78","62","98","52","76","176","203","144","192","140","264","188","125","135","101","88","75","49","54","59","51","61","57","47","41","10","17","62","64","67","80","41","64","47","72","94","86","99","57","37"
"11","CENTRE","AWAE","25","27","18","13","12","27","25","20","10","11","10","31","28","45","61","69","49","34","72","43","50","57","20","54","23","22","28","16","22","37","12","36","30","22","12","5","15","16","11","24","18","16","18","32","24","28","58","41","17","45","15","20"
"12","CENTRE","AYOS","24","12","18","18","16","21","19","17","32","35","33","15","30","44","30","33","37","22","47","43","60","51","25","63","62","28","19","21","11","32","31","40","47","44","30","42","59","36","80","39","65","52","81","25","61","40","44","44","25","7","58","62"
"13","CENTRE","BAFIA","294","549","361","408","291","358","459","376","458","279","163","247","350","195","313","524","214","273","377","462","637","669","438","312","331","250","271","267","286","86","157","174","210","202","211","182","198","193","263","272","187","264","266","317","405","268","348","222","436","341","191","373"
"14","CENTRE","BIYEM ASSI","545","697","606","732","1046","792","832","893","768","805","935","600","1282","1097","1097","509","948","812","767","672","1165","1261","998","499","727","917","482","363","338","455","421","443","388","441","590","364","420","691","406","549","559","554","538","969","863","820","1077","831","766","824","697","898"
"15","CENTRE","CITE VERTE","328","304","451","494","562","520","681","618","521","579","701","454","594","549","830","899","606","525","806","681","575","983","910","807","622","570","415","715","564","443","526","547","532","583","314","606","599","421","502","612","576","494","532","541","1051","773","622","388","591","359","363","196"
"16","CENTRE","DJOUNGOLO","1321","1400","1312","1466","1489","1715","1635","1831","1398","1118","1337","1440","1590","1758","2157","1855","1545","1849","1949","1866","1929","1731","1511","1431","1151","1424","1081","908","1037","931","983","991","935","909","1059","833","879","865","881","1013","987","1027","1219","1102","1407","1636","1290","1126","1693","1279","690","679"
"17","CENTRE","EBEBDA","22","20","17","16","27","24","15","22","19","16","17","21","10","19","28","24","17","18","19","17","16","15","17","21","24","19","21","26","24","28","48","27","22","22","12","13","15","14","13","17","17","26","22","17","20","19","19","19","15","11","17","6"
"18","CENTRE","EFOULAN","625","398","457","335","674","558","416","486","403","566","578","370","529","554","544","499","1545","775","726","310","484","562","457","283","400","428","398","325","205","269","262","291","460","275","267","218","215","329","388","462","462","340","268","621","330","680","391","496","584","398","634","178"
"19","CENTRE","ELIG MFOMO","44","44","45","44","42","66","56","50","59","65","51","49","82","47","45","68","52","71","50","45","40","47","41","29","27","11","19","19","14","24","21","20","24","20","16","18","26","39","34","45","39","28","44","33","45","58","58","44","42","64","42","32"
"20","CENTRE","ESEKA","67","89","74","90","102","48","101","75","70","104","56","85","80","102",NA,"104","79","75","130","105","105","90","95","90","115","75","105","98","45","45","45","16",NA,"52","28","45","45","75","50","65","48","59","25","75","80","75","45","40",NA,"46","45","95"
"21","CENTRE","ESSE","23","27","22","40","17","24","37","30","16","30","24","41","18","74","51","17","47","24","55","0","27","16","28",NA,"24","10",NA,"17","33",NA,"29",NA,"10","17","19","9","22","20","13","10",NA,NA,"8","13","29","25","28",NA,NA,"11","21","20"
"22","CENTRE","EVODOULA","74","68","64","66","68","70","74","70","70","74","72","72","76","70","74","60","64","62","56","62","60","66","60","64","60","64","70","60","58","60","52","60","62","60","34","60","60","54","62","56","60","34","52","60","66","62","60","56","60","64","58","64"
"23","CENTRE","MBALMAYO","115","76","88","155","118","109","109","99","86","137","99","126","223","119","252","124","90","108","254","89","153","114","116","110","89","151","121","79","81","76","89","64","80","106","51","96","74","78","71","150","70","103","97","117","67","110","132","90","209","102","114","101"
"24","CENTRE","MBANDJOCK","7","7","8","11","8","9","7","8","9","9","9","8","8","6","11","11","8","8","12","27","17","12","87","82","31","60","47","61","65","87","82","81","43","27","31","29","25","29","27","29","29","31","35","27","32","29","32","39","0","50","0","41"
"25","CENTRE","MBANKOMO","55","67","62","54","66","79","69","130","91","94","97","97","71","105","135","133","125","185","87","100","88","87","93","86","69","36","51","48","48","72","48","46","48","38","29","48","46","40","66","59","38","56","52","64","59","68","37","28","41","22","8","12"
"26","CENTRE","MFOU","116","127","135","140","171","169","167","140","107","123","181","112","93","172","189","475","265","359","231","108","112","231","141","135","97","215","145","84","99","83","190","108","130","73","156","64","52","34","143","137","92","94","120","165","77","145","116","632","207","141","57","113"
"27","CENTRE","MONATELE","93","77","79","73","90","89","94","92","64","68","59","60","82","70","87","87","90","92","66","79","17","79","67","69","46","47","50","39","60","60","53","21","36","38","37","37","50","47","42","38","53","38","46","36","37","66","53","60",NA,NA,NA,NA
"28","CENTRE","NANGA EBOKO","41","48","28","34","21","39","34","36","27","48","31","46","46","41","51","37","56","57","38","36","48","41","37","46","46","43","40","38","48","39","36","27","13","26","38","34","27","23","25","21","23","28","29","36","23","23","31","32","32","32","25","31"
"29","CENTRE","NDIKINIMEKI","11","9","12","9","13","14","14","7","9","11","8","11","13","14","13","36","28","17","11","14","11","11","13","13","16","9","13","15","11","16","17","5","7","7","9","8","8","7","8","7","9","13","10","5","13","9","7","7","8","10","7","11"
"30","CENTRE","NGOG MAPUBI","90","90","117","90","101","90","105","106","112","99","106","114","114","201","158","166","117","170","180","140","148","117","78","78","115","112","23","37","105","81","87","53","64","57","55","55","49","58","81","55","52","61","90","53","96","79","98","61","59","52","21","25"
"31","CENTRE","NGOUMOU","15","17","20","18","20","17","20","20","19","47","37","21","17","13","18","19","28","23","26","30","41","39","39","17","40","36","32","49","38","40","50","20","31","46","46","45","49","56","43","48","66","59","62","75","48","63","56","66","60","58","22","35"
"32","CENTRE","NKOLBISSON","600","464","538","627","506","534","557","598","343","432","426","598","383","693","1058","611","455","542","605","577","602","532","583","472","580","341","478","421","371","312","323","305","281","301","298","302","396","356","375","371","393","415","373","208","314","240","259","215","189",NA,NA,NA
"33","CENTRE","NKOLNDONGO","344","540","445","835","744","834","493","345","764","383","390","485","635","719","662","591","868","561","676","420","796","815","587","262","561","1107","514","267","347","327","536","170","172","361","372","307","309","369","364","345","553","273","436","480","438","376","606","1051","563","397","161","180"
"34","CENTRE","NTUI","64","121","104","109","67","86","72","192","144","69","80","229","202","315","248","253","105","251","303","210","172","201","161","287","127","180","139","183","46","97","117","89","61","48","59","60","109","126","61","117","153","182","107","157","120","133","184","139","141",NA,"0",NA
"35","CENTRE","OBALA","58","98","101","226","168","106","166","164","164","187","119","97","133","141","117","129","117","136","139","103","115","121","155","147","97","103","94","101","107","114","96","98","91","94","98","89","91","77","101","114","86","106","153","124","122","135","178","123","144","119","75","43"
"36","CENTRE","OKOLA","67","81","76","59","86","78","162","92","151","79","129","104","106","211","111","163","88","163","154","137","130","114","83","117","92","67","66","92","79","77","20","7","72","57","51","33","45","60","14","89","80","88","97","124","129","121","86","116","120","116","95","116"
"37","CENTRE","SAA","370","131","154","117","149","143","177","288","190","144","198","150","172","184","171","186","170","208","163","141","157","135","143","144","109","125","116","83","87","73","63","117","76","142","66","63","62","87","76","114","135","102","106","119","118","130","169","159","210","201","179","165"
"38","CENTRE","SOA","120","115","98","188","201","193","127","161","205","179","236","205","328","272","204","250","231","202","202","205","180","148","159","169","130","121","119","132","73","97","108","76","99","101","36","73","94","91","101","80","112","97","30","129","106","136","168","154","156","28","62",NA
"39","CENTRE","YOKO","71","60","54","53","61","52","54","46","34","43","62","49","84","167","112","71","69","48","52","39","60","16","110","111","89","62","51","51","30","26","13","47","36","13","2","9","13","22","11","20","18","15","25","33","12","14","10","14","0","9","6",NA
"40","EST","ABONG MBANG","56","43","87","52","0","27","128","120","75","69","85","72","60","105","96","102","98","68","93","108","100","78","253","246","190","190","64","184","111","167","79","32","136","107","32","63","92","69","60","65","110","92","95","88","0","58","94","62","111","75","107","95"
"41","EST","BATOURI","112","11","128","140","78","0","213","160","42","78","32","80","145","120","130","269","282","96","24","96","73","93","110","98","87","34","110","98","70","100","114","39","50","19","99","15","48","7","19","76","0","12","12","23","0","51","51","87","53","140","80","92"
"42","EST","BERTOUA","230","87","105","296","42","140","70","78","31","353","240","102","100","240","271","230","420","240","178","302","183","200","418","690","542","558","400","497","431","375","335","289","321","267","286","111","339","300","133","124","335","376","528","403","297","450","110","217","249","194","170","260"
"43","EST","BETARE OYA","189","53","98","28","151","171","104","143","100","201","178","89","180","180","201","185","250","168","167","265","140","107","78","142","142","136","186","186","311","235","206","37","11","92","100","58","69","47","209","133","0","250","0","114","232","104","215","225","141","194","124","106"
"44","EST","DOUME","71","132","84","58","33","45","65","70","47","52","63","93","8","97","141","73","80","24","38","49","50","47","30","42","39","19","40","115","46","60","40","42","20","80","45","59","18","12","20","46","21","46","102","82","52","65","71","60","70","60","36","41"
"45","EST","GAROUA BOULAI","286","211","374","289","290","258","246","318","182","300","350","302","329","309","573","603","330","350","471","575","317","289","245","143","200","173","456","352","300","271","350","289","251","204","289","400","129","508","306","491","502","815","748","811","675","854","701","281","556","420","485","537"
"46","EST","KETTE","242","173","127","171","89","102","0","149","88","110","131","108","85","140","100","129","307","100","233","182","197","182","185","84","82","178","195","207","145","219","229","196","103","101","23","25","43","41","17","53","45","72","96","125","111","119","208","195","173","123","93","129"
"47","EST","LOMIE","106","98","103","113","0","0","187","142","92","63","68","35","42","68","89","52","64","23","48","69","65","60","4","65","48","82","18","28","50","42","35","23","43","57","80","101","76","100","141","16","18","13","23","25","18","40","58","63","18","59","64","15"
"48","EST","MBANG","17","8","5","25","10","0","6","1","1","3","14","2","10","9","18","12","20","11","12","17","21","21","21","18","22","119","17","6","28","19","76","22","52","21","64","46","38","62","48","23","21","35","31","14","93","12","52","22","23","25","13","19"
"49","EST","MESSAMENA","6","13","10","16","18","10","8","18","20","30","21","19","26","31","50","30","13","17","84","40","56","42","56","44","14","58","14","10","26","14","21","16","27","12","1","12","5","17","16","13","10","10","14","6","0","18","23","31","12","23","30","21"
"50","EST","MOLOUNDOU","115","140","181","188","0","0","145","120","137","133","137","160","52","48","68","103","37","42","5","58","53","28","39","81","62","50","50","60","14","12","23","30","8","9","87","36","59","30","28","10","8","17","15","19","12","9","0","24","24","7","12","13"
"51","EST","NDELELE","259","75","241","265","59","151","240","117","223","128","252","235","268","216","365","331","175","145","191","244","192","253","161","147","171","110","181","145","255","152","150","125","159","153","211","163","153","260","143","238","281","262","233","238","181","296","147","217","243","204","120","206"
"52","EST","NGUELEMENDOUKA","10","17","0","30","17","0","40","32","20","18","10","23","34","56","115","139","160","168","200","225","102","146","109","177","170","110","116","105","101","96","101","82","94","104","47","57","43","53","45","47","50","81","48","50","0","47","61","49","41","48","53","47"
"53","EST","YOKADOUMA","124","150","130","177","102","126","158","80","90","97","135","227","324","277","319","160","277","215","244","165","191","132","167","115","208","348","186","195","270","228","171","171","163","156","111","143","131","275","145","113","157","232","206","172","186","250","128","235","274","144","112","128"
"54","EXTREME NORD","BOGO","98","51","34","53","30","37","32","41","31","42","57","41","40","50","57","37","63","59","37","53","39","45","59","61","60","37","86","259","346","233","95","240","90","173","196","150","172","182","198","80","128","224","166","105","137","145","143","107","100","105","117","73"
"55","EXTREME NORD","BOURHA","53","61","38","64","47","73","38","74","43","23","30","23","32","42","12","58","32","26","58","38","31","51","50","95","33","136","98","178","101","158","137","141","143","126","152","120","171","114","169","209","125","245","236","182","195","177","99","74","118","90","70","67"
"56","EXTREME NORD","GAZAWA","144","162","147","143","147","121","148","117","147","182","176","181","163","139","181","138","149","124","148","141","183","261","185","27","293","248","428","687","940","739","945","113","542","552","626","806","602","329","344","484","492","338","300","253","212","247","237","173","166","157","139","145"
"57","EXTREME NORD","GOULFEY","35","14","42","21","17","0","14","29","15","15","20","11","24","0","50","60","39","44","46","50","43","35","61","72","86","75","108","159","102","156","107","57","97","109","147","129","86","98","145","145",NA,"120","11","32","54","35",NA,"13","14",NA,NA,NA
"58","EXTREME NORD","GUERE","75","88","54","68","72","66","63","75","22","60","24","27","44","97","66","56","50","42","27","25","37","25","43","35","33","69","125","410","177","283","225","47","117","178","125",NA,"126","137","21","69","201","26","21","34","76","47","72","74","32","39","49","62"
"59","EXTREME NORD","GUIDIGUIS","63","105","111","53","90","81","91","115","79","117","110","126","143","116","97","107","108","84","78","82","52","92","61","63","69","74","161","365","65","199","307",NA,"129","220","224","285","313","206","142","87","71","91","76","87","148","28","83","97","57","27","67","60"
"60","EXTREME NORD","HINA","249","200","213","71","97","112","196","1750","187","187","139","197","143","164","153","172","125","87","103","122","79","128","80","105","213","208","245",NA,"606","586","508","383","354","515","401","477","496","390","336","395","349","318","330","157","166","262","171","165","201","156","163","96"
"61","EXTREME NORD","KAELE","26","97","129","90","94","103","80","13","88","112","23","100","15","107","89","85","84","64","123","97","87","73","96","126","149","152","206","117","237","277","182","281","155","408",NA,"253","334","141","203","166","153","266","244","216","97","45","162","65","168","138","161","51"
"62","EXTREME NORD","KAR HAY","15","8","35","14","16","7","23","19","14","0",NA,NA,"30","46","23","15","12","17","29","29","10","31","14","72","53","48","83","169","113","76","90","79","70","172","193","74","49","107","100","115",NA,NA,NA,NA,"59","32","25","29","32",NA,"42","42"
"63","EXTREME NORD","KOLOFATA","20","14","16","34","34","6","26","8","5","2","8","24","10","14","13","14","7","5","6","6","6","8","7","27","38","18","52","91","38","114","99","27","0","120","67","73","127","78","64","80","69","79","34","22","68","21","45","30","29","21","22","39"
"64","EXTREME NORD","KOUSSERI","24","80","109","301","1042","157","4","3","130","14","16","60","92",NA,"19","125","15","14","13","38","48","11","47","283",NA,"6","314","67",NA,"504","128",NA,NA,"151","134","77","56","73","253","407","67","207","299","55","82","121","60","48","84","124","34","15"
"65","EXTREME NORD","KOZA","109","85","109","58","119","129","113","113","63","145","112","141","138","71","47","158","64","132","96","116","153","339","117","144","130","119","115","81","156","191","203","248","293","225",NA,NA,"241","285","207","286","225","130","133","109","151","120","170","146","113","80",NA,"89"
"66","EXTREME NORD","MADA","32","16","17","15","8","26",NA,"14","24","46","36","25","60",NA,"30",NA,"64","61","62",NA,"47","70","34","20","25","18","20","24",NA,NA,"19",NA,NA,NA,NA,NA,"138","115","117","145","77","67","39","46","28","29","17","58","61","60","67","107"
"67","EXTREME NORD","MAGA","37","34","24","29","11","45","35","22","43","40","17","43","40","25","39","25","22","25","26","27","31","28","23","35","37","34","88","11","32","129","202","122","61","105","67","46","86","80","94","138","57","96","142","79","39","52","51","27","106","38","31","33"
"68","EXTREME NORD","MAKARY","61","27","37","42","94","108","69","84","88","179","26","84","166","179","190","98","163","158","169","178","166",NA,"93","87","57","80","62","94","52","64","106","59","157","263","191","189","69","137","29","78","101","66","120","182","143","104",NA,NA,NA,NA,NA,NA
"69","EXTREME NORD","MAROUA 1","386","311","347",NA,"377","220","376","233","456","546","452","491","415","455","419","384","202","386","370","324","372","474","282","500","318","370","388","554","708","693","742","1012","862","782","892","675","802","702","942","1220","955","782","771","605","506","589","394","506","472","386","416","305"
"70","EXTREME NORD","MAROUA 2","91","152","155","133","116","135","170","161","103","175","211",NA,"151",NA,"164","171","132","144","142","87","139","137",NA,"37","107","159","131","165","81","161","415","253","153","459","243",NA,"178","234","363","514","470","859","367","98","230","196","200","238","64","160","146","0"
"71","EXTREME NORD","MAROUA 3","162","272","198","79","255","183","216","232","269","53","34","249","299","308","326","337","279","317","313","341","348","372","411","360","356","308","362",NA,"264","246","405","581","566",NA,"311",NA,"568","542","345","603","566","526","268","380","340","298","286","126","117","288","182","254"
"72","EXTREME NORD","MERI","19","15","10","7","2","5","11","7","0","0","11","16","19","4","8","0","8","14","6","4","21","12","8","7","24","12","16","46","108","121","133","169","66","38","58","115","7","25","113","24","20","12","31","32","22","27","3","33","8","2",NA,"13"
"73","EXTREME NORD","MINDIF","48","38","27","30","29","15","26","9","5","19","22","27","44","34","25","21","34","34","14","37","31","42","32","61","44","36","76","133","224","201","162","102","102","101","115","224","210","102","118","93","84","102","133","66","93","106","101","98","98","88",NA,"73"
"74","EXTREME NORD","MOGODE","83","69","51","23","59","38","42","43","50","67","60","55","72","50","50","39","52","200","188","204","206","223","3","35","84","72","135","128","109","90","62","106","86","155","69","335","193","158","166","336","213","215","242","107","167","171","125","34","46","50","35","24"
"75","EXTREME NORD","MOKOLO","415","418","234","271","228","273","70","316","208","335","197","220","296","278","250","281","233","200","192","204","206","228","215","247","352","367","405","733","857","718","954","554","783","906","936","1096","1130","760","912","1202","1142","911","584","437","345","373","349","146","473","243","52","74"
"76","EXTREME NORD","MORA","263","194","213","162","77","157","197","200","17","6","35","49","22","35","69","26","7","56",NA,"67","40","27","15","64","81","6",NA,NA,NA,NA,NA,NA,"104","172","55","352","401","292","80","431","302","172","410","141","199","169","101","126","34","128","87","64"
"77","EXTREME NORD","MOULVOUDAYE","61","67","64","32","29","32","25","41","34","34","34","17","30","22","35","16","25","28","18","14","15","22","22","19","27","40","76","170","173","170","132","113","0","147","123","79","81","62","92","47","157","84","113","79","123","83","85","63","64","51","46","48"
"78","EXTREME NORD","MOUTOURWA","43","27","19","20","27","30","29","0","38","23","29","38","41","32","31","44","49","28","17","49","37","42","35","47","88","26","155","237","364","294","318","287","333","178","246","259","198","189","98","87","118","110","89","80","85","11","83","53","66","44","30","31"
"79","EXTREME NORD","PETTE","69","21","43","6","11","34","21","21","36","19","25","20","12","20","19","13","19","11","12","14","7","10","9","14","14",NA,"0","225",NA,"156","281","177","109","64","105","81","125","93","80","71","83","47","60","65","32","61","56","16","47","27","16","18"
"80","EXTREME NORD","ROUA","37","75","66","84","75","66","73","41","68","89","68",NA,"29","49","56","50","53","27","47","50","70","40","65","40","71","40","83","148","200","147","360","201","171","144","226",NA,"156","251","202","193","186","100","80","103","45","43","60","64","89","34","28","36"
"81","EXTREME NORD","TOKOMBERE","42","32","54","45","48","65","48","30","32","42","23","35","46","44","61","17","4","5","29","28","38","33","28","44","33","19","76","131","107","355","138","91","147","237","302","321","293","207","158","204","314","228","154","66","149","78","131","69","62","32","49","20"
"82","EXTREME NORD","VELE","25","53","20","22","15","34","17","18","25","29","31","23","21","22","13","8","11","1","23","6","7","14","21","19","15","17","136","41","15","100","11","23","19","7","9","44","72","11","27","23","46","31","49","40","38","14","5","7","18","8","3","15"
"83","EXTREME NORD","YAGOUA","123","150","112","0","131","109","97","130","71","97","19","111","92","116","118","108","76","117","77","100","79","94","83","41",NA,NA,"314","440","0","400","680","175","238",NA,"284","162","43","120",NA,"388","131","252","135","68","96","322","22",NA,NA,NA,NA,NA
"84","LITTORAL","ABO","10","10","18","21","99","88","82","103","39","61","51","8","70","65","0","0","17","81","28","17","81","38","50","123","100","96","90","64","70","143","111","70","64","128","106","75","121","0","105","132","102","96","92","62","82","83","73","80","49","95","99","58"
"85","LITTORAL","BANGUE","279","360","377","383","17","255","212","165","38","0","250","297","365","350","335","340","360","355","386","380","414","484","490","400","395","355","355","2550","200","220","200","188","268","241","0","218","342","300","380","400","417","345","329","286","342","333","326","367","254","507","240","221"
"86","LITTORAL","BOKO","141","173","141","116","148","183","103","77","98","113","112","112","158","180","206","150","145","126","186","184","232","180","215","200","93","245","169","179","204","220","155","160","192","196","176","170","186","240","196","191","144","172","281","203","203","220","172","240","170","195","166","193"
"87","LITTORAL","BONASSAMA","228","272","222","158","200","189","211","249","177","199","151","177","262","198","200","0","227","225","343","146","275","191","261","386","310","276","292","180","285","245","219","80","221","232","234","215","230","230","182","132","167","184","200","189","287","295","188","290","228","266","102","96"
"88","LITTORAL","CITE PALMIERS","220","194","0","175","188","219","121","164","126","156","240","267","286","198","285","0","151","203","87","339","251","119","259","289","290","229","291","335","298","260","253","187","248","201","463","187","0","0","215","260","178","250","120","156","200","186","135","253","254","229",NA,NA
"89","LITTORAL","DEIDO","959","1110","755","890","990","873","1051","661","679","817","1078","969","558","572","685","660","627","971","995","1043","1037","1008","746","728","856","301","292","332","440","304","197","207","209","178","442","251","248","310","313","255","260","321","335","229","239","275","209","209",NA,NA,NA,NA
"90","LITTORAL","DIBOMBARI","24","30","41","31","25","34","34","32","40","45","29","28","27","23","27","27","29","46","50","48","50","55","40","45","52","51","84","70","60","55","45","58","66","66","50","39","0","0","0","0","0","0","59","34","44","36","49",NA,"45","45",NA,NA
"91","LITTORAL","EDEA","174","165","153","200","187","132","113","125","60","199","143","179","107","229","155","203","206","182","213","185","189","158","115","141","126","67","93","109","89","52","60","55","85","96","100","131","108","105","96","84","120","107","85","93","80","91","110","106","78","32","80","123"
"92","LITTORAL","JAPOMA","104","123","0","121","141","128","200","87","87","200","180","197","194","249","183","132","142","168","169","156","131","116","128","120","140","90","12","102","170","121","106","102","77","115","117","106","0","0","191","101","136","180","192","137","150","106","116","160","0","138",NA,NA
"93","LITTORAL","LOGBABA","260","257","215","212","135","260","245","235","187","121","70","191","150","274","302","226","302","219","279","261","301","265","281","199","302","147","137","141","86","79","244","222","229","265","44","245","133","181","264","286","349","246","208","174","339","220","216","360","254","80","257",NA
"94","LITTORAL","LOUM","120","146","144","146","152","120","148","116","125","68","130","162","109","237","107","200","101","196","165","125","166","138","159","148","78","60","104","101","70","98","126","94","97","92","0","0","0","115","138","125","129","11","119","148","152","125","119","105","125","108","90","102"
"95","LITTORAL","MANJO","56","66","57","54","53","55","77","70","62","74","68","87","89","98","75","90","81","88","77","83","71","81","73","80","77","96","51","68","56","62","51","27","38","55","0","37","34","35","32","41","41","46","57","34","35","29","38","21","44","41","52","47"
"96","LITTORAL","MANOKA","3","3","0","3","0","7","7","8","6","0","0","0","0","0","0","0","0","1","2","1","4","2","6","14","5","2","2","0","0","1","1","4","0","1","5","1","2","0","0","0","11","5","7","3","2","7","5","2","0","2","1","0"
"97","LITTORAL","MBANGA","56","83","70","128","76","57","60","48","45","64","68","68","97","104","105","70","117","104",NA,"124","88","79","77","18","33","29","80","93","40","41","52","32","37","44","65","49","0","31","58","49","66","64","77","55","78","55","88","68","99","95",NA,NA
"98","LITTORAL","MELONG","216","154","151","101","156","172","104","196","142","165","212","254","260","330","333","330","397","334","282","230","228","212","165","212","165","124","124","142","101","189","0","127","95","86","140","105","102","0","130","114","129","107","131","124","77","135","147","137","147","95","106",NA
"99","LITTORAL","NDOM","17","26","14","19","23","18","22","17","27","22","17","22","19","27","13","20","21","13","22","30","31","27","24","17","26","21","24","19","20","14","26","34","29","36","27","33","39","32","27","34","36","29","32","21",NA,NA,NA,NA,NA,NA,NA,NA
"100","LITTORAL","NEW BELL","227","295","243","283","277","277","263","179","179","248","250","299","234","315","286","260","205","29","261","330","313","252","333","336","294","295","347","400","406","196","244","217","254","249","264","312","219","352","360","304","345","518","300","275","280","348","341","298","300","292","317",NA
"101","LITTORAL","NGAMBE","20","24","25","27","25","27","20","24","22","32","28","24","29","33","25","20","33","19","7","10","8","9","6","9","19","6","8","10","9","9","7","4","10","11","15","12","0","10","21","6","17","20","14","13","17","9","15","18","14","46","16","14"
"102","LITTORAL","NJOMBE PENJA","150","198","181","154","222","200","222","175","160","196","155","172","259","303","251","270","159","169","198","159","131","170","165","147","101","48","38","40","45","145","125","115","120","110","123","99","133","0","0","133","135","139","145","326","150","156","130","158","299","161","163",NA
"103","LITTORAL","NKONDJOCK","29","25","15","19","20","19","17","14","14","6","5","22","23","19","26","15","0","22","22","18","27","23","27","15","8","15","9","11","9","6","7","14","12","6","8","0","15","12","15","13","17","12","0","0","19","17","17","34","23","32","17","6"
"104","LITTORAL","NKONGSAMBA","76","86","70","141","62","80","94","103","120","144","194","155","155","164","195","150","302","174",NA,"136","185","191","144","148","105","125","178","146","169","109","110","115","147","120","0","76","0","0","145","136","160","127","13","145","91","41","41","50","60","90","88","108"
"105","LITTORAL","NYLON","233","145","258","272","183","274","252","259","263","257","224","206","317","270","328","317","253","270","332","179","317","290","300","26","367","347","262","202","427","318","276","254","319","340","371","0","390","359","378","256","326","342","161","384","372","395","486","388","359","311",NA,NA
"106","LITTORAL","POUMA","24","33","32","27","39","32","30","33","36","29","30","42","49","41","37","40","30","34","30","36","40","32","28","30","33","20","27","29","30","21","18","14","17","13","15","0","0","17","15","9","13","15","8","17","15","12","12","8","16","16",NA,NA
"107","LITTORAL","YABASSI","64","64","53","55","8","24","18","52","47","86","41","34","39","36","20","25","55","58","51","47","52","44","66","32","47","48","51","55","35","40","42","35","42","40","50","42","46","52","40","52","43","38","30","37","48","32","52","4","38","19",NA,NA
"108","NORD","BIBEMI","87","39","156","87","108","60","145","156","93","175","120","76","188","61","106","57","49","73","148","87","87","124","84","242","424","169","345","452","237","255","292","218","253","168","149","149","67","103","222","29","91","73","132","151","49","50","161","102","87","102","56","43"
"109","NORD","FIGUIL","182","66","98","30","35","48","141","62","81","42","167","179","211","193","49","134","148","105","189","82","136","92","81","143","90","36","200","243","77","134","380","339","388","358","293","464","382","68","302","324","94","239","267","188","50","175","183","45","144","133","127","170"
"110","NORD","GAROUA I","145","159","112","129","146","134","122","230","175","109","152","142","122","105","89","72","51","150","99","107","128","177","118","182","244","149","176","331","222","266","202","114","279","103","201","167","209","224","178","194","239","227","221","272","194","217","130","161","143","194","122","183"
"111","NORD","GAROUA II","393","285","291","300","0","374","530","391","371","535","455","609","397","625","381","269","439","535","269","342","406","458","514","554","518","364","574","754","656","811","599","174","647","680","280","890","647","499","540","766","825","769","879","654","462","463","451","668","433","354","371","400"
"112","NORD","GASCHIGA","4","7","0","4","60","50","45","19","90","59","67","63","52","44","48","22","15","21","39","53","86","40","67","89","100","107","146","134","131","197","151","8","63","0","15","105","14","37","17","26","120","133","118","42","44","75","25","48","18","17","26","44"
"113","NORD","GOLOMBE","37","68","51","14","59","45","46","30","36","30","26","34","50","39","29","29","35","36","26","19","21","40","57","49","58","64","117","160","124","150","127","0","167","192","35","61","82","57","60","106","84","65","90","55","47","49","72","55","64","59","52","34"
"114","NORD","GUIDER","334","358","400","298","310","157","381","328","405","449","209","411","403","393","361","359","364","281","314","250","311","297","368","355","408","421","548","647","753","835","787","0","692","677","692","548","674","647","535","538","594","635","552","433","398","408","345","142","326","301","317","314"
"115","NORD","LAGDO","90","168","246","287","226","246","143","257","183","164","297","236","189","228","253","185","186","168","127","138","198","162","247","324","399","287","424","674","531","387","314","599","201","533","251","253","172","164","162","112","112","121","159","240","212","291","210","124","142","158","86","196"
"116","NORD","MAYO OULO","53","45","31","10","49","36","45","32","52","54","57","42","42","52","24","40","45","59","72","58","92","65","66","89","68","70","114","194","157","134","171","172","189","99","100","146","165","125","159","207","148","174","164","142","125","26","121","112","0","71","40","77"
"117","NORD","NGONG","292","274","449","32","234","327","406","260","275","345","282","253","228","246","181","281","108","236","182","201","169","208","261","310","374","233","424","618","568","447","335","421","382","297","398","341","425","432","333","373","554","505","422","427","278","313","435","243","375","300","213","309"
"118","NORD","PITOA","75","159","77","126","117","129","122","194","121","170","145","121","170","138","87","90","50","82","89","51","36","92","131","138","192","53","436","212","290","240","212","192","295","187","156","240","136","288","100","171","228","153","239","219","119","182","131","142","22","63","89","24"
"119","NORD","POLI","131","124","122","83","79","73","90","96","108","64","0","88","93","67","67","31","98","108","103","93","83","116","67","228","44","59","153","180","102","163","84","124","117","103","113","55","71","73","111","75","91","96","76","73","98","131","57","75","46","27","33","10"
"120","NORD","REY BOUBA","197","149","104","108","0","107","90","112","130","165","198","156","193","151","178","201","179","125","143","128","118","148","147","331","362","307","308","468","485","409","296","324","250","261","193","205","229","260","356","225","238","238","300","191","201","148","132","198","177","220","200","153"
"121","NORD","TCHOLLIRE","163","127","154","150","0","112","92","97","124","54","120","80","79","102","97","58","108","172","87","95","76","94","168","166","338","229","241","287","242","275","140","215","170","132","133","132","163","132","97","87","75","73","143","148","105","109","97","148","124","131","94","93"
"122","NORD","TOUBORO","72","33","113","138","225","107","23","194","58","74","82","65","78","149","111","68","58","75","140","144","113","128","319","270","181","241","138","183","101","134","130","83","131","101","150","91","45","259","72","50","118","69","137","147","106","89","237","78","125","141","120","110"
"123","NORD-OUEST","AKO",NA,"0","56",NA,"38",NA,"18",NA,NA,"0","48",NA,NA,"65","64",NA,"40","48","54","49",NA,NA,"54",NA,"89","102","71","98",NA,"102","82","57","51","48","11",NA,NA,NA,NA,NA,"55","46","32","49","56","41",NA,"46","39","34","37","52"
"124","NORD-OUEST","BAFUT","61","51","62","41","50","37","60","68",NA,"31","37","37","43","42","64","100","116","163","150","140","121","72","112","92","100","83","49","78","58","49","31","39","49","21","22","30","58","0","51","58","50","56","82","42","39","42","81","76","41","96","36","15"
"125","NORD-OUEST","BALI","60","30","32","37","31","28","37","34","31","23","32","55","72","75","159","135","157","153","114","95","133","116","113","59","82","93","95","89","71","94","42","43","30","44","37","28","37","45","35","27","35","41","37","34","44","41","42","55","42","41",NA,"58"
"126","NORD-OUEST","BAMENDA","333","297","13","290","303","319","325","321","225","349","430","331","312","538","679","573","574","518","522","521","610","586","583","471","398","438","358","455","396","417","296","353","274","327","308","325","347","382","351","351","266","328","349","364","347","337",NA,"452","268","273","257","311"
"127","NORD-OUEST","BATIBO",NA,"60","62","60","52","62","60","65","62","42","62","62","62","65",NA,"101","105","0","105","110","110","107","106","101","106","106","101","107","100","101","102","108","111","115","101","107","60","64","101","62","98","107","102","101","107",NA,"492","111","113","102","113","10"
"128","NORD-OUEST","BENAKUMA","20","5","26","26","16","19","20","14","38","26","37","59","54","19","92","52","71","53","61","45","36","48","61","43","34","9","29","29","22","41","20","21","11","18","12","19","19","16","24","27","28","28","24",NA,"30","52","42","33","22","8","18","17"
"129","NORD-OUEST","FUNDONG","141","125","93","65","85","64","42","73","47","39","34","38","37","126","152","137","143","185","156","117","186","167","171","127","112","75","11","28","83","32","34","32","18","110","131","32","209","36","83",NA,"22","24",NA,NA,"18",NA,NA,"28","22",NA,"34","122"
"130","NORD-OUEST","KUMBO EAST","208","236","214","203","199","194","151","205","136","142","252","199","298","353","401","309","522","343","359","440","458","371","351","251","206","196","175","202","183","182","154","188","262","177","139","162","142","152","130","153","133","191","166","170","151","118","151","174","154","183","198","144"
"131","NORD-OUEST","KUMBO WEST","67","45","44","39","30","38","33","27","32","33","30","45","56","110","114","134","129","160","131","94","111","125","111","74","90","66","59","51","58","62","60","45","53","50","66","78","69","57","48","49","0","30","15","38","34","31","48","32","36","48","24","53"
"132","NORD-OUEST","MBENGWI","22","15","24","29","18","16","22","41",NA,"18","26","31","26","34","43","83","93","144","145","98","76","99","115","105","94","119","86","64","62","59","42","65","45","42","42","34","40","0","31","27","28","56","40","43","39","30","35","30","24","42","56","49"
"133","NORD-OUEST","NDOP","120","35","169","105","125","146","113","132","125","127","133","155","198","316","483","512","437","410","409","281","533","457","487","402","309","258","189","214","179","322","102","50","49","126","12","155","90","107","126","126","196","199","137","150","98","47","100","148","87","95","98","73"
"134","NORD-OUEST","NDU","116","110","71","121","57","74","86","81","83","65","57","128","106","166","173","127","153","143","163","137","147","142","129","153","88","106","101","95","98","103","107","110","80","71","109","22","134","101","88","77","109","91","113","100","82","101","104","88","69","87","66","91"
"135","NORD-OUEST","NJIKWA","13","6","4","4","4","6","9","13","10","21","14","21","9","22","60","67","34","55","65","42","39","35","39","26","43","8","25","33","35","12","12","16","13","19","10","0","13","14","15","5",NA,NA,NA,NA,NA,NA,NA,"8","8","24","4","4"
"136","NORD-OUEST","NKAMBE","92","103","91",NA,"103","46","25","112","17","59","82","101","112","191","91","225","198","188","200","158","172","71","225","153","172","105","129","66","62","107","90","114","123","84","132","134","134","133","143","84","48","80",NA,"0","104","56","120","121","53","105","32","77"
"137","NORD-OUEST","NWA","87","91","99","69","71","45","39","47","45",NA,"45","30","27","105","98","106","103","100","85","81","82","105","98","69","66","68","66","59","59","50","48","47","43","39",NA,"34",NA,"32","25","36","32","32","36",NA,"32","31","0","33","34","37","36","38"
"138","NORD-OUEST","OKU","79","90","89","67","53","67","67","49","47","49","55","56","72","106","117","128","94","117","126","114","149","116","142","102","91","81","95","104","79","75","44","55","83","28","85","75","70","47","44","21","72","63","63","55","23","15","37","68","78","72","75","66"
"139","NORD-OUEST","SANTA","34","21","31","17","19","20","27","17","16","18","27","40","73","110","110","131","174","150","166","178","281","304","236","154","102","85","105","88","65","54","60","42","28","36","29","11","19","15","0",NA,"10","14","6","20","17","19","16","38","29","18","42","18"
"140","NORD-OUEST","TUBAH","23","26","25","21","16","25","27","19","17","18","24","33","41","71","72","115","35","100","94","82","107","99","118","90","91","115","93","60","83","41","36","33","23","40","33","49","34","28","20","15","53","56","31","28","28","26","44","54","7","41","17","42"
"141","NORD-OUEST","WUM","32","57","64","54","35","62","54","74","67","71","72","125","118","107","158","170","184","152","148","137","161","122","138","109","95","137","77","99","70","89","58","70","45","60","52",NA,"114","67","51","59","50","117","61","125",NA,"77",NA,"48",NA,NA,NA,NA
"142","OUEST","BAFANG","90","123","96","84","78","73","81","92","90","87","120","121","180","187","186","164","130","124","95","76","96","170","171","107","129","103","95","78","72","66","56","67","70","68","58","52","66","65","62","52","72","70","73","57","55","65","40","45","106","90","75","41"
"143","OUEST","BAHAM","42","36","41","19","37","33","29","21","25","23","29","33","56","60","69","92","37","79","23","67","62","68","55","37","57","66","50","60","70","34","43","41","41","38","33","23","42","47","23","28","29","13","24","38","12","37","32","29","38","25","21","23"
"144","OUEST","BAMENDJOU","40","47","38","28","56","30","52","32","32","36","47","35","43","74","69","60","65","67","46","31","49","49","49","39","49","49","51","59","36","54","52","49","35","33","25","44","54","32","33","32","29","32","31","28","35","33","34","21","28","27","25","26"
"145","OUEST","BANDJA","18","13","30","14","31","31","37","27","28","26","34","29","51","40","62","31","30","48","60","35","57","60","31","36","32","33","32","32","23","30","21","20","18","16","12","20","23","16","21","12","9","15","15","15","15","14","21","22","17","13","29","19"
"146","OUEST","BANDJOUN","84","86","69","81","67","68","78","35","26","74","77","59","90","120","124","126","90","100","150","132","111","107","100","127","98","108","106","104","82","72","89","91","91","76","73","76","46","25","27","13","96","130","69","79","37","78","73","80","36","32","26","67"
"147","OUEST","BANGANGTE","151","116","105","116","121","66","136","120","97","123","146","145","220","185","275","221","201","245","265","241","274","233","207","213","171","163","153","112","147","119","119","145","111","106","88","87","108","102","78","55","83","75","74","82","41","96","103","80","79","100","86","96"
"148","OUEST","BANGOURAIN","86","53","86","55","55","55","41","66","64","56","64","100","132","132","185","198","112","152","147","128","69","119","142","122","121","111","86","84","85","84","84","84","33","74","40","87","71","75","79","93","100","80","97","63","42","75","87","63","85","62","44","73"
"149","OUEST","BATCHAM","33","31","32","19","23","20","41","17","23","22","29","30","32","47","69","40","32","50","61","34","40","32","52","34","30","33","57","52","44","9","35","56","32","37","29","29","13","32","32","21","25","26","22","40","22","39","34","27","38","51","40","36"
"150","OUEST","DSCHANG","212","229","80","174","187","139","162","167","151","96","152","70","119","184","74","188","221","17","151","171","186","223","214","173","179","202","68","160","232","107","156","113","118","138","148","172","137","158","89","171","56","168","168","178","180","163","156","271","171","103","47","141"
"151","OUEST","FOUMBAN","113","140","220","199","184","169","46","119","90","106","158","64","204","37","363","171","254","397","446","633","243","340","461","378","252","233","217","317","118","131","284","161","301","90","213","82","110","190","202","117","247","232","223","223","108","217","213","63","181","92","154","109"
"152","OUEST","FOUMBOT","99","123","63","34","132","94","97","67","31","67","154","74","125","195","264","103","98","287","148","168","125","278","300","247","197","154","174","15","98","99","151","149","118","109","103","103","108","115","136","133","175","70","122","142","141","149","95","102","128","61","70","56"
"153","OUEST","GALIM","54","49","19","11","46","53","13","46","24","26","27","9","44","32","57","38","28","81","8","60","29","19","23","30","72","70","44","45","67","34","41","45","45","32","27","27","15","17","21","19","24","34","19","91","48","21","41","47","17","49","26","51"
"154","OUEST","KEKEM","48","54","29","28","48","29","38","23","51","48","54","77","86","75","85","79","52","109","103","57","57","78","54","49","61","50","58","37","40","43","50","28","25","30","39","22","37","36","24","17","36","37","36","39","27","33","24","39","43","54","41","29"
"155","OUEST","KOUOPTAMO","11","30","32","13","21","27","12","23","15","26","54","64","52","46","70","159","161","122","107","112","89","85","124","105","76","68","86","104","63","91","58","93","64","58","97","85","86","62","75","104","95","90","78","66","68","52","66","78","61","80","55","83"
"156","OUEST","MALENTOUEN","175","154","196","158","165","206","145","189","165","186","195","166","175","197","197","145","160","155","165","151","159","165","188","182","260","194","126","196","145","138","170","52","129","76","56","76","146","135","230","145","135","132","0","142","144","132","134","146","152","230","230","185"
"157","OUEST","MASSANGAM","16","12","23","21","34","49","50","35","32","53","47","66","73","105","132","94","98","65","115","55","67","68","52","44","61","48","50","69","72","32","45","44","34","56","57","24","62","27","28","38","48","43","64","52","62","52","48","62","42","38","32","39"
"158","OUEST","MBOUDA","153","119","140","54","123","145","145","118","139","125","126","170","166","173","228","252","226","316","194","231","253","232","209","190","157","169","218","199","142","144","147","143","131","99","102","108","111","109","103","100","77","102","116","115","141","116","123","129","148","201","157","110"
"159","OUEST","MIFI","401","385","373","362","339","350","350","350","331","313","320","315","22","409","413","360","315","302","395","221","268","318","351","356","344","338","328","462","308","306","367","402","249","407","472","342","420","343","368","399","414","16","426","315","325","363","430","401","18","417","423","350"
"160","OUEST","PENKA MICHEL","79","55","45","62","34","42","45","38","36","36","85","51","62","36","96","83","99","93","78","92","85","92","120","99","85","81","103","113","68","50","62","56","60","64","51","59","40","49","57","42","51","43","36","53","52","45","38","79","84","72","42","62"
"161","OUEST","SANTCHOU","34","48","27","53","41","35","51","29","22","49","60","67","56","74","135","93","115","121","105","88","71","61","68","44","78","51","72","58","64","81","31","64","51","46","45","37","45","48","51","42","55","66","48","60","79","41","69","88","49","33","48","47"
"162","SUD","AMBAM","4","97","0","27","52","74","92","49","44","120","100","48","72","81","160","83","170","144","134","139","98","146","126","95","120","69","74","155","96","133","111","82","107","16","106","142","114","157","149","182","3","153","158","121","136","153","116","148","171","156","193","162"
"163","SUD","DJOUM","12","32","34","13","33","8","22","12","19","38","38","36","6","38","38","42","38","16","47","46","82","44","52","43","57","11","46","60","49","23","21","44","29","8","24","22","16","12","0","22","21","27","9","22","32","82","94","47","30","40",NA,NA
"164","SUD","EBOLOWA","75","61","69","45","49","64","29","53","86","69","40","69","107","57","131","72","89","50","75","91","93","57","160","103","103","47","75","38","29","128","51","20","23","7","28","13","10","2","44","12","13","19","123","53","48","47","65","104","83","2",NA,NA
"165","SUD","KRIBI","62","42","102","59","64","77","48","63","86","81","97","110","52","81","80","72","74","82","78","89","108","88","86","78","86","88","99","90","88","86","89","90","84","88","96","94","89","90","88","66","68","76","82","86","78","82","88","78","81","82","78","82"
"166","SUD","LOLODORF","4","6","44","21","13","9","19","10","36","11","9","16","20","23","14","19","36","20","8","9","17","7","48","31","53","31","42","55","17","19","22","17","5","25","37","4","20","12","12","7","19","6","9","29","9","10","10","11","14",NA,NA,NA
"167","SUD","MEYOMESSALA","29","62","91","57","35","55","59","45","49","55","78","74","101","51","48","99","119","111","85","62","79","63","98","100","126","103","106","97","90","85","47","46","46","26","30","36","65","44","46","40","29","69","68","36","67","48","85","58","101","82","78","89"
"168","SUD","MVANGAN","39","32","17","20","5","13","10","4","6","4","10","25","42","39","38","40","54","39","50","42","56","32","25","39","26","3","10","24","22","12","5","13","13","17","61","23","11","13","17","10","13","8","23","14","11","14","24","17",NA,NA,NA,NA
"169","SUD","OLAMZE","24","11","13","14","34","13","25","23","7","16","27","31","33","45","34","52","45","24","25","46","34","57","44","26","53","18","51","25","27","37","31","23","31","9","9","16","31","29","24","21","23","33","18","25","24","24","5","27","7","26","27","21"
"170","SUD","SANGMELIMA","167","138","144","241","128","153","123","89","77","130","104","167","180","155","230","197","173","192","198","185","186","176","169","138","96","106","143","129","136","127","128","67","101","67","112","71","94","103","66","118","101","113","111","132","88","96","85","117","109","130","87","80"
"171","SUD","ZOETELE","60","69","65","54","68","60","81","53","45","60","63","73","70","113","127","137","121","138","143","112","107","111","134","120","123","87","126","82","100","71","51","74","50","67","62","51","41","46","37","34","47","54","53","49","61","32","55","93","41","34","46","59"
"172","SUD-OUEST","AKWAYA","17","16","13","16","15","12","20","16","18","19","20","17","22","0","22","22","20","20","16","22","19","20","20","19","21","19","25","22","19","19","25","22","21","19","20","18","32","32","36","34","31","37","31","0","34","35","31","33",NA,"31","34","34"
"173","SUD-OUEST","BAKASSI","5","7","7","6","6","6","6","8","6","4","7","5","6","6","7","4","7","7","7","5","4","10","7","5","7","9","7","7","8","0","14","2","2","4","2","6","3","4","5","0",NA,NA,NA,"9","8","8","8",NA,"8","11",NA,NA
"174","SUD-OUEST","BANGEM","16","6","10","5","9","0","19","11","3","16","15","2","3","22","25","15","32","25","27","19","16","27","18","23","25","19","16","22","25","0","9","27","25","16","0","23","15","23","18","16","16","33","35","25","37","36","36","30",NA,NA,NA,NA
"175","SUD-OUEST","BUEA","158","251","241","601","281","557","393","308","227","347","333","337","346","261","331","432","277","341","319","355","334","63","321","342","357","392","305","277","287","341","234","292","231","228","321","212","345","394","305","447","390","475","418","545","598","672","528","329","565","493","359","598"
"176","SUD-OUEST","EKONDO TITI","274","301","51","424","415","79","84","113","129","381","122","94","72","100","135","100","85","84","100","88","111","104","111","89","0","58","71","99","105","107","99","101","79","94","81","79","0","84","90","95","108","95","86","80","83","77","88","76","69",NA,"71","83"
"177","SUD-OUEST","EYUMODJOCK","66","35","56","55","42","41","33","25","41","63","55","78","65","120","104","91","73","70","74","64","66","63","54","72","69","71","82","80","86","79","51","51","19","65","48","51","47","43","83","40","64","81","44","63","0","64","75","73","69","45","68","32"
"178","SUD-OUEST","FONTEM","39","41","45","28","25","21","61","31","12","26","46","98","23","164","91","134","24","56","68","56","49","70","35","68","52","83","99","89","56","75","27","12","20","8","17","29","25","25","27","39","64","31","19","30","32","27","61","60","72","72","63","32"
"179","SUD-OUEST","KONYE","41","41","43","23","46","43","41","32","39","34","31","34","34","39","38","41","45","38","32","32","42","38","38","42","32","0","35","41","39","38","43","41","39","38","43","34","19","25","33","19","21","18","24","21","20","22",NA,"21","0",NA,"26","20"
"180","SUD-OUEST","KUMBA","760","329","600","1083","391","420","390","198","477","586","466","469","494","618","649","595","905","506","636","732","663","516","639","554","549","564","494","460","447","610","602","533","569","526","597","504","610","436","542","541","607","620","439","486","343","422","463","590","416","0","359","343"
"181","SUD-OUEST","LIMBE","316","316","280","300","434","445","333","383","30","358","229","327","657","712","599","473","526","502","580","476","525","393","452","406","480","342","350","396","344","508","359","355","335","389","281","325","333","350","319","355","397","342","385","0","434","406","392","361","355","352","354","434"
"182","SUD-OUEST","MAMFE","122","161","180","277","143","173","283","175","126","200","165","242","192","226","267","194","155","250","196","253","142","108","147","204","199","118","165","177","212","101","107","142","130","116","98","74","142","114","103","113","88","108","125","48","76","94","113","117","63","61","56","76"
"183","SUD-OUEST","MBONGE","94","94","78","87","122","112","134","134","78","122","98","84","96","76","62","56","96","131","144","152","118","112","18","67","72","65","97","67","57","74","94","102","56","65","72","52","16","62","32","21","19",NA,"61","0","30","16",NA,"25","20","0","28","30"
"184","SUD-OUEST","MUNDEMBA","30","25","36","34","21","74","48","38","23","28","41","26","25","31","41","41","18","35","21","23","26","15","8","5","33","31","39","10","0","0","11","8","1","3","6","3","5","7","10",NA,NA,"4","18","4","6","11","7",NA,"0",NA,NA,NA
"185","SUD-OUEST","MUYUKA","237","109","300","210","218","235","258","231","278","212","266","227","295","287","295","291","200","362","365","393","298","334","311","277","307","275","343","360","391","326","321","331","304","288","267","270","254","334","396","409","397","417","354","359","372","429","353","359","343","343","359","372"
"186","SUD-OUEST","NGUTI","27","42","38","35","42","24","37","21","37","45","21","37","30","45","40","27","32","234","91","80","146","27","24","31","33","37","37","61","57","39","21","31","33","32","13","17","10","19","23","29","28","13","2","28","40","42","50","32","31","23","30","40"
"187","SUD-OUEST","TIKO","285","366","343","237","372","230","266","144","335","320","267","349","351","454","376","499","514","332","425","364","376","425","284","491","438","365","330","321","388","369","355","324","357","349","308","328","335","346","380","368","342","361","267","280","276","330","282","0","343","458","289","282"
"188","SUD-OUEST","TOMBEL","137","143","102","266","131","100","150","114","114","98","108","151","137","145","145","131","178","108","105","128","143","130","132","136","120","126","90","130","124","105","121","79","71","98","96","84","34","52","104","87","96","102","102","93","91","93","110","44","61","41","39","91"
"189","SUD-OUEST","WABANE","10","14","13","11","12","14","14","16","12","5","8","5","14","15","14","17","20","17","16","12","16","14","17","11","14","10","9","18","15","12","13","16","15","12","18","14","12","14","10","14","15","17","14","15","14","16",NA,"18","11","0","15","14"
